{
  "version": "1.1.1",
  "windows": {
    "main": {
      "main": true,
      "url": "app://editor/index.html",
      "windowType": "dockable",
      "x": 0,
      "y": 0,
      "width": 1920,
      "height": 1080,
      "layout": {
        "children": [
          {
            "children": [
              {
                "active": 0,
                "children": [
                  "hierarchy"
                ],
                "height": 482,
                "type": "panel",
                "width": 253
              },
              {
                "active": 0,
                "children": [
                  "assets"
                ],
                "height": 477,
                "type": "panel",
                "width": 253
              }
            ],
            "height": 962,
            "type": "dock-v",
            "width": 253
          },
          {
            "children": [
              {
                "active": 0,
                "children": [
                  "scene"
                ],
                "height": 533,
                "type": "panel",
                "width": 897
              },
              {
                "active": 0,
                "children": [
                  "console",
                  "timeline",
                  "game-window"
                ],
                "height": 426,
                "type": "panel",
                "width": 897
              }
            ],
            "height": 962,
            "type": "dock-v",
            "width": 897
          },
          {
            "active": 0,
            "children": [
              "inspector",
              "cocos-services",
              "node-library"
            ],
            "height": 962,
            "type": "panel",
            "width": 748
          }
        ],
        "type": "dock-h"
      },
      "panels": [
        "hierarchy",
        "assets",
        "scene",
        "console",
        "timeline",
        "game-window",
        "inspector",
        "cocos-services",
        "node-library"
      ]
    },
    "worker": {}
  },
  "panels": {
    "sprite-editor": {
      "x": 700,
      "y": 233,
      "width": 516,
      "height": 748
    }
  },
  "panelLabelWidth": {
    "inspector": null
  },
  "panelLabelWidth.inspector": null
}
