{
  "9836134e-b892-4283-b6b2-78b5acf3ed45": {
    "asset": 1588658240415,
    "meta": 1577083950000,
    "relativePath": "effects"
  },
  "430eccbf-bf2c-4e6e-8c0c-884bbb487f32": {
    "asset": 1577083950000,
    "meta": 1589726227123,
    "relativePath": "effects\\__builtin-editor-gizmo-line.effect"
  },
  "6c5cf6e1-b044-4eac-9431-835644d57381": {
    "asset": 1577083950000,
    "meta": 1589726227168,
    "relativePath": "effects\\__builtin-editor-gizmo-unlit.effect"
  },
  "115286d1-2e10-49ee-aab4-341583f607e8": {
    "asset": 1577083950000,
    "meta": 1589726227258,
    "relativePath": "effects\\__builtin-editor-gizmo.effect"
  },
  "abc2cb62-7852-4525-a90d-d474487b88f2": {
    "asset": 1577083950000,
    "meta": 1589726227309,
    "relativePath": "effects\\builtin-phong.effect"
  },
  "e2f00085-c597-422d-9759-52c360279106": {
    "asset": 1577083950000,
    "meta": 1589726227311,
    "relativePath": "effects\\builtin-toon.effect"
  },
  "f8e6b000-5643-4b86-9080-aa680ce1f599": {
    "asset": 1588658120078,
    "meta": 1577083950000,
    "relativePath": "image"
  },
  "71561142-4c83-4933-afca-cb7a17f67053": {
    "asset": 1577083950000,
    "meta": 1589726227363,
    "relativePath": "image\\default_btn_disabled.png"
  },
  "e851e89b-faa2-4484-bea6-5c01dd9f06e2": {
    "asset": 1577083950000,
    "meta": 1589726227366,
    "relativePath": "image\\default_btn_normal.png"
  },
  "edd215b9-2796-4a05-aaf5-81f96c9281ce": {
    "asset": 1577083950000,
    "meta": 1589726227377,
    "relativePath": "image\\default_editbox_bg.png"
  },
  "b43ff3c2-02bb-4874-81f7-f2dea6970f18": {
    "asset": 1577083950000,
    "meta": 1589726227375,
    "relativePath": "image\\default_btn_pressed.png"
  },
  "d81ec8ad-247c-4e62-aa3c-d35c4193c7af": {
    "asset": 1577083950000,
    "meta": 1589726227401,
    "relativePath": "image\\default_panel.png"
  },
  "99170b0b-d210-46f1-b213-7d9e3f23098a": {
    "asset": 1577083950000,
    "meta": 1589726227399,
    "relativePath": "image\\default_progressbar_bg.png"
  },
  "cfef78f1-c8df-49b7-8ed0-4c953ace2621": {
    "asset": 1577083950000,
    "meta": 1589726227416,
    "relativePath": "image\\default_progressbar.png"
  },
  "567dcd80-8bf4-4535-8a5a-313f1caf078a": {
    "asset": 1577083950000,
    "meta": 1589726227409,
    "relativePath": "image\\default_radio_button_off.png"
  },
  "9d60001f-b5f4-4726-a629-2659e3ded0b8": {
    "asset": 1577083950000,
    "meta": 1589726227434,
    "relativePath": "image\\default_radio_button_on.png"
  },
  "4bab67cb-18e6-4099-b840-355f0473f890": {
    "asset": 1577083950000,
    "meta": 1589726227432,
    "relativePath": "image\\default_scrollbar_bg.png"
  },
  "617323dd-11f4-4dd3-8eec-0caf6b3b45b9": {
    "asset": 1577083950000,
    "meta": 1589726227446,
    "relativePath": "image\\default_scrollbar_vertical_bg.png"
  },
  "d6d3ca85-4681-47c1-b5dd-d036a9d39ea2": {
    "asset": 1577083950000,
    "meta": 1589726227445,
    "relativePath": "image\\default_scrollbar_vertical.png"
  },
  "0275e94c-56a7-410f-bd1a-fc7483f7d14a": {
    "asset": 1577083950000,
    "meta": 1589726227462,
    "relativePath": "image\\default_sprite_splash.png"
  },
  "0291c134-b3da-4098-b7b5-e397edbe947f": {
    "asset": 1577083950000,
    "meta": 1589726227464,
    "relativePath": "image\\default_scrollbar.png"
  },
  "6e056173-d285-473c-b206-40a7fff5386e": {
    "asset": 1577083950000,
    "meta": 1589726227484,
    "relativePath": "image\\default_sprite.png"
  },
  "73a0903d-d80e-4e3c-aa67-f999543c08f5": {
    "asset": 1577083950000,
    "meta": 1589726227485,
    "relativePath": "image\\default_toggle_checkmark.png"
  },
  "c25b9d50-c8fc-4d27-beeb-6e7c1f2e5c0f": {
    "asset": 1577083950000,
    "meta": 1589726227505,
    "relativePath": "image\\default_toggle_disabled.png"
  },
  "d29077ba-1627-4a72-9579-7b56a235340c": {
    "asset": 1577083950000,
    "meta": 1589726227507,
    "relativePath": "image\\default_toggle_normal.png"
  },
  "5c3eedba-6c41-4c0c-9ba7-d91f813cbd1c": {
    "asset": 1588658120103,
    "meta": 1577083950000,
    "relativePath": "materials"
  },
  "c4480a0a-6ac5-443f-8b40-361a14257fc8": {
    "asset": 1577083950000,
    "meta": 1589726227514,
    "relativePath": "materials\\builtin-phong.mtl"
  },
  "fc09f9bd-2cce-4605-b630-8145ef809ed6": {
    "asset": 1588658120124,
    "meta": 1577083950000,
    "relativePath": "misc"
  },
  "b181c1e4-0a72-4a91-bfb0-ae6f36ca60bd": {
    "asset": 1577083950000,
    "meta": 1589726227522,
    "relativePath": "image\\default_toggle_pressed.png"
  },
  "db019bf7-f71c-4111-98cf-918ea180cb48": {
    "asset": 1588658120256,
    "meta": 1577083950000,
    "relativePath": "model"
  },
  "e39e96e6-6f6e-413f-bcf1-ac7679bb648a": {
    "asset": 1588658120238,
    "meta": 1577083950000,
    "relativePath": "model\\prefab"
  },
  "2be36297-9abb-4fee-8049-9ed5e271da8a": {
    "asset": 1577083950000,
    "meta": 1589726227519,
    "relativePath": "misc\\default_video.mp4"
  },
  "a87cc147-01b2-43f8-8e42-a7ca90b0c757": {
    "asset": 1588658591351,
    "meta": 1589726227536,
    "relativePath": "model\\prefab\\box.prefab"
  },
  "fe1417b6-fe6b-46a4-ae7c-9fd331f33a2a": {
    "asset": 1588658591354,
    "meta": 1589726227539,
    "relativePath": "model\\prefab\\capsule.prefab"
  },
  "b5fc2cf2-7942-483d-be1f-bbeadc4714ad": {
    "asset": 1588658591360,
    "meta": 1589726227541,
    "relativePath": "model\\prefab\\cone.prefab"
  },
  "1c5e4038-953a-44c2-b620-0bbfc6170477": {
    "asset": 1588658591365,
    "meta": 1589726227543,
    "relativePath": "model\\prefab\\cylinder.prefab"
  },
  "3f376125-a699-40ca-ad05-04d662eaa1f2": {
    "asset": 1588658591371,
    "meta": 1589726227544,
    "relativePath": "model\\prefab\\plane.prefab"
  },
  "6c9ef10d-b479-420b-bfe6-39cdda6a8ae0": {
    "asset": 1588658591374,
    "meta": 1589726227546,
    "relativePath": "model\\prefab\\quad.prefab"
  },
  "2d9a4b85-b0ab-4c46-84c5-18f393ab2058": {
    "asset": 1588658591380,
    "meta": 1589726227548,
    "relativePath": "model\\prefab\\sphere.prefab"
  },
  "de510076-056b-484f-b94c-83bef217d0e1": {
    "asset": 1588658591383,
    "meta": 1589726227556,
    "relativePath": "model\\prefab\\torus.prefab"
  },
  "f6e6dd15-71d1-4ffe-ace7-24fd39942c05": {
    "asset": 1588658120293,
    "meta": 1577083950000,
    "relativePath": "obsolete"
  },
  "8a96b965-2dc0-4e03-aa90-3b79cb93b5b4": {
    "asset": 1577083950000,
    "meta": 1589726227568,
    "relativePath": "obsolete\\atom.png"
  },
  "f743d2b6-b7ea-4c14-a55b-547ed4d0a045": {
    "asset": 1588658120329,
    "meta": 1577083950000,
    "relativePath": "particle"
  },
  "b8223619-7e38-47c4-841f-9160c232495a": {
    "asset": 1577083950000,
    "meta": 1589726227848,
    "relativePath": "obsolete\\atom.plist"
  },
  "d0a82d39-bede-46c4-b698-c81ff0dedfff": {
    "asset": 1577083950000,
    "meta": 1589726227580,
    "relativePath": "particle\\atom.png"
  },
  "b2687ac4-099e-403c-a192-ff477686f4f5": {
    "asset": 1577083950000,
    "meta": 1589726227849,
    "relativePath": "particle\\atom.plist"
  },
  "ae6c6c98-11e4-452f-8758-75f5c6a56e83": {
    "asset": 1588658240479,
    "meta": 1577083950000,
    "relativePath": "prefab"
  },
  "972b9a4d-47ee-4c74-b5c3-61d8a69bc29f": {
    "asset": 1588658591778,
    "meta": 1589726227583,
    "relativePath": "prefab\\button.prefab"
  },
  "897ef7a1-4860-4f64-968d-f5924b18668a": {
    "asset": 1588658591785,
    "meta": 1589726227585,
    "relativePath": "prefab\\camera.prefab"
  },
  "2c937608-2562-40ea-b264-7395df6f0cea": {
    "asset": 1588658591790,
    "meta": 1589726227587,
    "relativePath": "prefab\\canvas.prefab"
  },
  "61aeb05b-3b32-452b-8eed-2b76deeed554": {
    "asset": 1588658591797,
    "meta": 1589726227590,
    "relativePath": "prefab\\editbox.prefab"
  },
  "27756ebb-3d33-44b0-9b96-e858fadd4dd4": {
    "asset": 1588658591801,
    "meta": 1589726227593,
    "relativePath": "prefab\\label.prefab"
  },
  "785a442c-3ceb-45be-a46e-7317f625f3b9": {
    "asset": 1588658591810,
    "meta": 1589726227595,
    "relativePath": "prefab\\layout.prefab"
  },
  "a3ee0214-b432-4865-9666-4a3211814282": {
    "asset": 1588658240474,
    "meta": 1577083950000,
    "relativePath": "prefab\\light"
  },
  "61906da3-7003-4bda-9abc-5769c76faee4": {
    "asset": 1588658591819,
    "meta": 1589726227598,
    "relativePath": "prefab\\light\\ambient.prefab"
  },
  "ddb99b39-7004-47cd-9705-751905c43c46": {
    "asset": 1588658591825,
    "meta": 1589726227600,
    "relativePath": "prefab\\light\\directional.prefab"
  },
  "0cf30284-9073-46bc-9eba-e62b69dbbff3": {
    "asset": 1588658591831,
    "meta": 1589726227602,
    "relativePath": "prefab\\light\\point.prefab"
  },
  "f5331fd2-bf42-4ee3-a3fd-3e1657600eff": {
    "asset": 1588658591837,
    "meta": 1589726227604,
    "relativePath": "prefab\\light\\spot.prefab"
  },
  "ca8401fe-ad6e-41a8-bd46-8e3e4e9945be": {
    "asset": 1588658591843,
    "meta": 1589726227607,
    "relativePath": "prefab\\pageview.prefab"
  },
  "cd33edea-55f5-46c2-958d-357a01384a36": {
    "asset": 1588658591849,
    "meta": 1589726227613,
    "relativePath": "prefab\\particlesystem.prefab"
  },
  "5965ffac-69da-4b55-bcde-9225d0613c28": {
    "asset": 1588658591854,
    "meta": 1589726227615,
    "relativePath": "prefab\\progressBar.prefab"
  },
  "4a37dd57-78cd-4cec-aad4-f11a73d12b63": {
    "asset": 1588658591859,
    "meta": 1589726227617,
    "relativePath": "prefab\\richtext.prefab"
  },
  "32044bd2-481f-4cf1-a656-e2b2fb1594eb": {
    "asset": 1588658591866,
    "meta": 1589726227621,
    "relativePath": "prefab\\scrollview.prefab"
  },
  "0004d1cf-a0ad-47d8-ab17-34d3db9d35a3": {
    "asset": 1588658591873,
    "meta": 1589726227623,
    "relativePath": "prefab\\slider.prefab"
  },
  "1f55e3be-b89b-4b79-88de-47fd31018044": {
    "asset": 1588658591880,
    "meta": 1589726227625,
    "relativePath": "prefab\\sprite_splash.prefab"
  },
  "96083d03-c332-4a3f-9386-d03e2d19e8ee": {
    "asset": 1588658591884,
    "meta": 1589726227627,
    "relativePath": "prefab\\sprite.prefab"
  },
  "7de03a80-4457-438d-95a7-3e7cdffd6086": {
    "asset": 1588658591890,
    "meta": 1589726227629,
    "relativePath": "prefab\\tiledmap.prefab"
  },
  "0e42ba95-1fa1-46aa-b2cf-143cd1bcee2c": {
    "asset": 1588658591896,
    "meta": 1589726227634,
    "relativePath": "prefab\\tiledtile.prefab"
  },
  "0d784963-d024-4ea6-a7db-03be0ad63010": {
    "asset": 1588658591903,
    "meta": 1589726227636,
    "relativePath": "prefab\\toggle.prefab"
  },
  "bf0a434c-84dd-4a8e-a08a-7a36f180cc75": {
    "asset": 1588658591919,
    "meta": 1589726227639,
    "relativePath": "prefab\\toggleContainer.prefab"
  },
  "d1b8be49-b0a0-435c-83b7-552bed4bbe35": {
    "asset": 1588658591928,
    "meta": 1589726227641,
    "relativePath": "prefab\\toggleGroup.prefab"
  },
  "232d2782-c4bd-4bb4-9e01-909f03d6d3b9": {
    "asset": 1588658591953,
    "meta": 1589726227645,
    "relativePath": "prefab\\videoplayer.prefab"
  },
  "8c5001fd-07ee-4a4b-a8a0-63e15195e94d": {
    "asset": 1588658591986,
    "meta": 1589726227653,
    "relativePath": "prefab\\webview.prefab"
  },
  "d8afc78c-4eac-4a9f-83dd-67bc70344d33": {
    "asset": 1588658120803,
    "meta": 1577083950000,
    "relativePath": "resources"
  },
  "294c1663-4adf-4a1e-a795-53808011a38a": {
    "asset": 1588658120714,
    "meta": 1577083950000,
    "relativePath": "resources\\effects"
  },
  "144c3297-af63-49e8-b8ef-1cfa29b3be28": {
    "asset": 1577083950000,
    "meta": 1589726227668,
    "relativePath": "resources\\effects\\builtin-2d-gray-sprite.effect"
  },
  "0e93aeaa-0b53-4e40-b8e0-6268b4e07bd7": {
    "asset": 1577083950000,
    "meta": 1589726227677,
    "relativePath": "resources\\effects\\builtin-2d-spine.effect"
  },
  "2874f8dd-416c-4440-81b7-555975426e93": {
    "asset": 1577083950000,
    "meta": 1589726227686,
    "relativePath": "resources\\effects\\builtin-2d-sprite.effect"
  },
  "c0040c95-c57f-49cd-9cbc-12316b73d0d4": {
    "asset": 1577083950000,
    "meta": 1589726227694,
    "relativePath": "resources\\effects\\builtin-clear-stencil.effect"
  },
  "79eafaef-b7ef-45d9-9c3f-591dc836fc7a": {
    "asset": 1577083950000,
    "meta": 1589726227712,
    "relativePath": "resources\\effects\\builtin-unlit-transparent.effect"
  },
  "6d91e591-4ce0-465c-809f-610ec95019c6": {
    "asset": 1577083950000,
    "meta": 1589726227727,
    "relativePath": "resources\\effects\\builtin-unlit.effect"
  },
  "bbee2217-c261-49bd-a8ce-708d6bcc3500": {
    "asset": 1588658120797,
    "meta": 1577083950000,
    "relativePath": "resources\\materials"
  },
  "6f801092-0c37-4f30-89ef-c8d960825b36": {
    "asset": 1577083950000,
    "meta": 1589726227730,
    "relativePath": "resources\\materials\\builtin-2d-base.mtl"
  },
  "3a7bb79f-32fd-422e-ada2-96f518fed422": {
    "asset": 1577083950000,
    "meta": 1589726227731,
    "relativePath": "resources\\materials\\builtin-2d-gray-sprite.mtl"
  },
  "7afd064b-113f-480e-b793-8817d19f63c3": {
    "asset": 1577083950000,
    "meta": 1589726227732,
    "relativePath": "resources\\materials\\builtin-2d-spine.mtl"
  },
  "eca5d2f2-8ef6-41c2-bbe6-f9c79d09c432": {
    "asset": 1577083950000,
    "meta": 1589726227746,
    "relativePath": "resources\\materials\\builtin-2d-sprite.mtl"
  },
  "cf7e0bb8-a81c-44a9-ad79-d28d43991032": {
    "asset": 1577083950000,
    "meta": 1589726227764,
    "relativePath": "resources\\materials\\builtin-clear-stencil.mtl"
  },
  "2a296057-247c-4a1c-bbeb-0548b6c98650": {
    "asset": 1577083950000,
    "meta": 1589726227769,
    "relativePath": "resources\\materials\\builtin-unlit.mtl"
  },
  "954fec8b-cd16-4bb9-a3b7-7719660e7558": {
    "asset": 1577083950000,
    "meta": 1589726229909,
    "relativePath": "model\\primitives.fbx"
  },
  "e10af249-b32e-40ee-ab8f-9ba9af2da942": {
    "asset": 1589379036132,
    "meta": 1589080020922,
    "relativePath": "audio"
  },
  "cdc2ea73-70e7-4a40-aac8-28cf1a331bdb": {
    "asset": 1589206017913,
    "meta": 1589080020923,
    "relativePath": "scripts"
  },
  "93a2406f-c15b-436d-be5e-40f46b29e8f2": {
    "asset": 1589202387928,
    "meta": 1589080020925,
    "relativePath": "textures"
  },
  "42adc568-c537-481e-b250-2105f4da557a": {
    "asset": 1589726263168,
    "meta": 1589726263308,
    "relativePath": "GreatGame.fire"
  },
  "4751fbc8-0503-4dc9-a2f3-e1560216bdff": {
    "asset": 1589082515483,
    "meta": 1589082520044,
    "relativePath": "textures\\background"
  },
  "886d740a-ddaf-47ea-b944-bf2e91a4db12": {
    "asset": 1589082407941,
    "meta": 1589082520142,
    "relativePath": "textures\\background\\ground.png"
  },
  "5e37517e-095d-40eb-adc9-4ff5efb842c5": {
    "asset": 1589082489137,
    "meta": 1589082520153,
    "relativePath": "textures\\background\\sky.jpg"
  },
  "cf9598f8-a9d9-479b-adaf-f7f28f219475": {
    "asset": 1589079871060,
    "meta": 1589082520158,
    "relativePath": "textures\\background\\background.jpg"
  },
  "2d64c743-c61c-4aab-a40c-26673e0a3912": {
    "asset": 1589093095876,
    "meta": 1589092721535,
    "relativePath": "animation"
  },
  "8a25be38-ad5e-447e-91fd-ad47be8ec51a": {
    "asset": 1589190288011,
    "meta": 1589100232136,
    "relativePath": "resources"
  },
  "cb1f956c-53ca-45b9-a8d2-797f079df270": {
    "asset": 1589080625597,
    "meta": 1589120302922,
    "relativePath": "resources\\trump1-1.png"
  },
  "bef25f2d-8a9c-4039-aff7-5139644ebfce": {
    "asset": 1589081273122,
    "meta": 1589120302930,
    "relativePath": "resources\\trump1-2.png"
  },
  "86a503b5-9139-4e19-8922-6d352fd4ca78": {
    "asset": 1589081286564,
    "meta": 1589120302978,
    "relativePath": "resources\\trump1-3.png"
  },
  "8177e7c5-d8fa-47b0-b667-1bde0d2ce0fb": {
    "asset": 1589119542290,
    "meta": 1589120370430,
    "relativePath": "resources\\trump1-2_left.png"
  },
  "55b66d7e-4473-4be6-9f11-ac408ff117b8": {
    "asset": 1589119422850,
    "meta": 1589120370432,
    "relativePath": "resources\\trump1-1_left.png"
  },
  "45e3d41b-c118-4de2-bf46-aebcde59d225": {
    "asset": 1589119558535,
    "meta": 1589120370444,
    "relativePath": "resources\\trump1-3_left.png"
  },
  "20c63f86-b886-495f-9db4-bb4ee0bad488": {
    "asset": 1589081965934,
    "meta": 1589120370447,
    "relativePath": "resources\\trump2-1.png"
  },
  "2f5011d6-9a1c-44a9-907f-3ae7e668190e": {
    "asset": 1589081985718,
    "meta": 1589120370462,
    "relativePath": "resources\\trump2-2.png"
  },
  "ecaa68d1-9208-4203-a68b-0885660265c1": {
    "asset": 1589081997426,
    "meta": 1589120370463,
    "relativePath": "resources\\trump2-3.png"
  },
  "752c7ff0-efbb-48d6-b670-5f64d69b3510": {
    "asset": 1589082095242,
    "meta": 1589120370473,
    "relativePath": "resources\\trump3-1.png"
  },
  "129b0fc7-044e-4991-9c8a-071d907ad4b3": {
    "asset": 1589082112750,
    "meta": 1589120370475,
    "relativePath": "resources\\trump3-2.png"
  },
  "b8ffd89c-d335-474d-9315-92d64dbd0a67": {
    "asset": 1589082125181,
    "meta": 1589120370487,
    "relativePath": "resources\\trump3-3.png"
  },
  "9f9b0759-601a-45b8-8ffe-f314f5e03810": {
    "asset": 1589082201144,
    "meta": 1589120370489,
    "relativePath": "resources\\trump4-1.png"
  },
  "c0b60b0a-e404-4205-92bd-f415c587d877": {
    "asset": 1589082222617,
    "meta": 1589120370499,
    "relativePath": "resources\\trump4-3.png"
  },
  "398f491b-ea7f-4463-bc23-01ec23847c41": {
    "asset": 1589082211603,
    "meta": 1589120370501,
    "relativePath": "resources\\trump4-2.png"
  },
  "f5908710-370a-4a5e-8d4f-d1cf9a737b37": {
    "asset": 1589190207504,
    "meta": 1589190288431,
    "relativePath": "resources\\trump2-2_left.png"
  },
  "4f2049bb-e34b-4bd8-af1e-e898d6193014": {
    "asset": 1589190244154,
    "meta": 1589190288435,
    "relativePath": "resources\\trump2-1_left.png"
  },
  "88a7313a-6a2f-4a7f-a675-3f87f7ef7b4d": {
    "asset": 1589190229120,
    "meta": 1589190288459,
    "relativePath": "resources\\trump2-3_left.png"
  },
  "c04f4001-27e5-49a8-9d1b-e0b5e6c3cdb9": {
    "asset": 1588660032350,
    "meta": 1589201111735,
    "relativePath": "audio\\score.mp3"
  },
  "511019e3-f422-4d01-9e12-31742a8e3e8e": {
    "asset": 1588660032307,
    "meta": 1589201111756,
    "relativePath": "audio\\jump.mp3"
  },
  "346e8480-ef22-46f1-b963-28b2dc937653": {
    "asset": 1589202238174,
    "meta": 1589202388094,
    "relativePath": "textures\\money.jpg"
  },
  "d2ba9d5a-730a-4778-95c6-5342970a616b": {
    "asset": 1589205988364,
    "meta": 1589205988709,
    "relativePath": "money.prefab"
  },
  "10461a17-05e5-44b4-8838-6ccee03d7b11": {
    "asset": 1589377199073,
    "meta": 1589377284607,
    "relativePath": "scripts\\Money.js"
  },
  "6d5e6ffc-9efa-4ab0-81b2-a2ae9b41bb04": {
    "asset": 1589377833735,
    "meta": 1589377835460,
    "relativePath": "scripts\\Player.js"
  },
  "95a6db75-f42d-46e0-9cac-704041b5aa3f": {
    "asset": 1589378962599,
    "meta": 1589378983713,
    "relativePath": "scripts\\Game.js"
  },
  "d4a7a151-92c4-4286-bfd0-3f9211854eaa": {
    "asset": 1589379017734,
    "meta": 1589379036244,
    "relativePath": "audio\\Cash Register Cha Ching-SoundBible.com-184076484.mp3"
  }
}